state,interview,swimsuit,evening gown,average
Idaho,8.687999999999999,8.925,8.85,8.821
Kentucky,8.863,9.175,9.4,9.146
Vermont,8.425,9.013,9.3,8.913
Texas,8.687999999999999,8.975,8.875,8.846
North Dakota,8.8,8.975,9.175,8.982999999999997
Washington,8.687999999999999,8.788,8.863,8.779
Alabama,8.65,8.475,8.937999999999997,8.687999999999999
South Dakota,8.3,8.838,8.513,8.55
New York,8.463,8.713,8.4,8.525
Oklahoma,8.275,8.325,8.7,8.433
